zeropad2d_cl_array_ap_fixed_1u_array_ap_fixed_16_6_5_3_0_1u_config19_U0.grp_zeropad2d_cl_array_array_ap_fixed_16_6_5_3_0_1u_config19_Pipeline_PadTopWidth_fu_28,PadTopWidth,upc_loop_status1.csv
zeropad2d_cl_array_ap_fixed_1u_array_ap_fixed_16_6_5_3_0_1u_config19_U0.grp_zeropad2d_cl_array_array_ap_fixed_16_6_5_3_0_1u_config19_Pipeline_PadMain_fu_34,PadMain,upc_loop_status2.csv
zeropad2d_cl_array_ap_fixed_1u_array_ap_fixed_16_6_5_3_0_1u_config19_U0.grp_zeropad2d_cl_array_array_ap_fixed_1u_config19_Pipeline_PadBottomWidth_fu_42,PadBottomWidth,upc_loop_status3.csv
conv_2d_cl_array_ap_fixed_1u_array_ap_fixed_16_6_5_3_0_3u_config2_U0,ReadInputHeight_ReadInputWidth,upc_loop_status4.csv
relu_array_ap_fixed_3u_array_ap_ufixed_24_8_4_0_0_3u_relu_config4_U0,ReLUActLoop,upc_loop_status5.csv
pooling2d_cl_array_ap_ufixed_3u_array_ap_fixed_16_6_5_3_0_3u_config5_U0,ReadInputHeight_ReadInputWidth,upc_loop_status6.csv
zeropad2d_cl_array_ap_fixed_3u_array_ap_fixed_16_6_5_3_0_3u_config20_U0.grp_zeropad2d_cl_array_array_ap_fixed_16_6_5_3_0_3u_config20_Pipeline_PadTopWidth_fu_22,PadTopWidth,upc_loop_status7.csv
zeropad2d_cl_array_ap_fixed_3u_array_ap_fixed_16_6_5_3_0_3u_config20_U0.grp_zeropad2d_cl_array_array_ap_fixed_16_6_5_3_0_3u_config20_Pipeline_PadMain_fu_28,PadMain,upc_loop_status8.csv
zeropad2d_cl_array_ap_fixed_3u_array_ap_fixed_16_6_5_3_0_3u_config20_U0.grp_zeropad2d_cl_array_array_ap_fixed_3u_config20_Pipeline_PadBottomWidth_fu_36,PadBottomWidth,upc_loop_status9.csv
conv_2d_cl_array_ap_fixed_3u_array_ap_fixed_16_6_5_3_0_4u_config6_U0,ReadInputHeight_ReadInputWidth,upc_loop_status10.csv
relu_array_ap_fixed_4u_array_ap_ufixed_24_8_4_0_0_4u_relu_config8_U0,ReLUActLoop,upc_loop_status11.csv
pooling2d_cl_array_ap_ufixed_4u_array_ap_fixed_16_6_5_3_0_4u_config9_U0,ReadInputHeight_ReadInputWidth,upc_loop_status12.csv
concatenate1d_array_array_array_ap_fixed_16_6_5_3_0_25u_config12_U0.grp_concatenate1d_array_array_array_ap_fixed_25u_config12_Pipeline_ConcatLoop1_fu_287,ConcatLoop1,upc_loop_status13.csv
